event_title;venue_title;address;zip_code;city;state;phone_number;date;time;lowest_price;highest_price;source_url
Giant Rooks;The Crocodile;2200 2nd Avenue;98121;Seattle;WA;;2024-04-26;18:00;54;236;https://seatgeek.com/giant-rooks-tickets/seattle-washington-the-crocodile-2-2024-04-26-6-pm/concert/6219900
Zakir Hussain;Moore Theatre;1932 2nd Avenue;98101;Seattle;WA;;2024-04-26;20:00;66;410;https://seatgeek.com/zakir-hussain-tickets/seattle-washington-moore-theatre-2024-04-26-8-pm/concert/6063458
Cody Johnson;Tacoma Dome;2727 East D Street;98421;Tacoma;WA;;2024-04-27;19:30;99;2622;https://seatgeek.com/cody-johnson-tickets/tacoma-washington-tacoma-dome-2024-04-27-7-30-pm/concert/6248611
Tito Puente Jr.;Admiral Theatre;515 Pacific Avenue;98337;Bremerton;WA;;2024-05-03;20:00;54;150;https://seatgeek.com/tito-puente-jr-tickets/bremerton-washington-admiral-theatre-2024-05-03-8-pm/concert/6221264
Drew Holcomb & The Neighbors with Donovan Woods;Neptune Theatre - WA;1303 Northeast 45th Street;98105;Seattle;WA;;2024-05-07;20:00;48;544;https://seatgeek.com/drew-holcomb-the-neighbors-tickets/seattle-washington-neptune-theatre-wa-2024-05-07-8-pm/concert/6159718
Petey;The Showbox;1426 1st Ave;98101;Seattle;WA;;2024-05-07;20:30;56;451;https://seatgeek.com/petey-1-tickets/seattle-washington-the-showbox-2024-05-07-8-30-pm/concert/6255048
NEEDTOBREATHE with Judah & The Lion;White River Amphitheatre;40601 Auburn Enumclaw Rd.;98092;Auburn;WA;;2024-05-11;19:30;60;1188;https://seatgeek.com/needtobreathe-tickets/auburn-washington-white-river-amphitheatre-2024-05-11-7-30-pm/concert/6184190
Seattle Rock Orchestra;Moore Theatre;1932 2nd Avenue;98101;Seattle;WA;;2024-05-12;14:00;66;150;https://seatgeek.com/seattle-rock-orchestra-tickets/seattle-washington-moore-theatre-2024-05-12-2-pm/concert/6063446
Celtic Woman;Paramount Theatre - WA;911 Pine Street;98101;Seattle;WA;;2024-05-15;19:00;85;315;https://seatgeek.com/celtic-woman-tickets/seattle-washington-paramount-theatre-wa-2024-05-15-7-pm/concert/6202978
Riley Green with Tracy Lawrence and Ella Langley;Angel of the Winds Arena;2000 Hewitt Ave;98201;Everett;WA;;2024-05-17;19:30;482;500;https://seatgeek.com/riley-green-tickets/everett-washington-angel-of-the-winds-arena-2024-05-17-7-30-pm/concert/6171964
Wednesday with Draag;Neptune Theatre - WA;1303 Northeast 45th Street;98105;Seattle;WA;;2024-05-21;20:00;53;109;https://seatgeek.com/wednesday-1-tickets/seattle-washington-neptune-theatre-wa-2024-05-21-8-pm/concert/6225229
Two Door Cinema Club with Day Wave (Relocated from The Neptune Theatre);Paramount Theatre - WA;911 Pine Street;98101;Seattle;WA;;2024-05-22;19:00;69;11604;https://seatgeek.com/two-door-cinema-club-tickets/seattle-washington-paramount-theatre-wa-2024-05-22-7-pm/concert/6202638
Jacob Collier with Kimbra;Paramount Theatre - WA;911 Pine Street;98101;Seattle;WA;;2024-05-26;19:15;90;1164;https://seatgeek.com/jacob-collier-tickets/seattle-washington-paramount-theatre-wa-2024-05-26-7-15-pm/concert/6238559
Madison Beer with UPSAHL;Moore Theatre;1932 2nd Avenue;98101;Seattle;WA;;2024-06-08;20:00;69;1187;https://seatgeek.com/madison-beer-tickets/seattle-washington-moore-theatre-2024-06-08-8-pm/concert/6222780
The Drifters;Admiral Theatre;515 Pacific Avenue;98337;Bremerton;WA;;2024-06-08;20:00;141;155;https://seatgeek.com/the-drifters-tickets/bremerton-washington-admiral-theatre-2024-06-08-8-pm/concert/6222105
Jordan Davis with Mitchell Tenpenny and Ashley Cooke;Chateau Ste Michelle Winery;14111 N.E. 145th Street;98072;Woodinville;WA;;2024-06-21;18:00;148;148;https://seatgeek.com/jordan-davis-tickets/woodinville-washington-chateau-ste-michelle-winery-2024-06-21-6-pm/concert/6222690
Niall Horan;White River Amphitheatre;40601 Auburn Enumclaw Rd.;98092;Auburn;WA;;2024-07-23;19:30;56;4065;https://seatgeek.com/niall-horan-tickets/auburn-washington-white-river-amphitheatre-2024-07-23-7-30-pm/concert/6034640
Benise;Neptune Theatre - WA;1303 Northeast 45th Street;98105;Seattle;WA;;2024-07-26;19:30;56;224;https://seatgeek.com/benise-tickets/seattle-washington-neptune-theatre-wa-2024-07-26-7-30-pm/concert/6238958
Chris Stapleton with Willie Nelson and Sheryl Crow;T-Mobile Park;1250 First Avenue;98134;Seattle;WA;;2024-07-27;18:30;123;7810;https://seatgeek.com/chris-stapleton-tickets/seattle-washington-t-mobile-park-2024-07-27-6-30-pm/concert/6251561
Olivia Rodrigo with PinkPantheress;Climate Pledge Arena;401 1st Ave.;98109;Seattle;WA;;2024-08-06;19:30;287;11155;https://seatgeek.com/olivia-rodrigo-tickets/seattle-washington-climate-pledge-arena-3-2024-08-06-7-30-pm/concert/6178778
Olivia Rodrigo with PinkPantheress;Climate Pledge Arena;401 1st Ave.;98109;Seattle;WA;;2024-08-07;19:30;280;142819;https://seatgeek.com/olivia-rodrigo-tickets/seattle-washington-climate-pledge-arena-3-2024-08-07-7-30-pm/concert/6184061
Kane Brown with Chris Young, LOCASH, & RaeLynn;T-Mobile Park;1250 First Avenue;98134;Seattle;WA;;2024-08-16;19:00;88;3908;https://seatgeek.com/kane-brown-tickets/seattle-washington-t-mobile-park-2024-08-16-7-pm/concert/6191172
Foo Fighters with Pretenders and Alex G;T-Mobile Park;1250 First Avenue;98134;Seattle;WA;;2024-08-18;17:30;87;2444;https://seatgeek.com/foo-fighters-tickets/seattle-washington-t-mobile-park-2024-08-18-5-30-pm/concert/6206073
Metallica with Pantera, Five Finger Death Punch, Mammoth WVH and Ice Nine Kills (2 Day Pass);Lumen Field;800 Occidental Ave S;98134;Seattle;WA;;2024-08-30;03:30;155;124711;https://seatgeek.com/metallica-tickets/seattle-washington-lumen-field-2024-08-30-3-30-am/concert/5881771
Metallica with Pantera and Mammoth WVH;Lumen Field;800 Occidental Ave S;98134;Seattle;WA;;2024-08-30;18:00;82;214749;https://seatgeek.com/metallica-tickets/seattle-washington-lumen-field-2024-08-30-6-pm/concert/5881801
Metallica with Five Finger Death Punch and Ice Nine Kills;Lumen Field;800 Occidental Ave S;98134;Seattle;WA;;2024-09-01;18:00;77;5409;https://seatgeek.com/metallica-tickets/seattle-washington-lumen-field-2024-09-01-6-pm/concert/5881822
Lynyrd Skynyrd + ZZ Top;White River Amphitheatre;40601 Auburn Enumclaw Rd.;98092;Auburn;WA;;2024-09-21;19:00;53;1901;https://seatgeek.com/lynyrd-skynyrd-tickets/auburn-washington-white-river-amphitheatre-2024-09-21-7-pm/concert/6255504
Gloria Trevi with MAR;White River Amphitheatre;40601 Auburn Enumclaw Rd.;98092;Auburn;WA;;2024-09-22;20:00;57;1903;https://seatgeek.com/gloria-trevi-tickets/auburn-washington-white-river-amphitheatre-2024-09-22-8-pm/concert/6228668
Lainey Wilson with Jackson Dean and Zach Top;White River Amphitheatre;40601 Auburn Enumclaw Rd.;98092;Auburn;WA;;2024-09-27;19:00;84;1231;https://seatgeek.com/lainey-wilson-tickets/auburn-washington-white-river-amphitheatre-2024-09-27-7-pm/concert/6241338
Iron Maiden;Tacoma Dome;2727 East D Street;98421;Tacoma;WA;;2024-10-16;19:30;87;1456;https://seatgeek.com/iron-maiden-tickets/tacoma-washington-tacoma-dome-2024-10-16-7-30-pm/concert/6254062
Zach Bryan with Matt Maeson and Levi Turner;Tacoma Dome;2727 East D Street;98421;Tacoma;WA;;2024-11-22;19:00;135;3908;https://seatgeek.com/zach-bryan-tickets/tacoma-washington-tacoma-dome-2024-11-22-7-pm/concert/6157453
Zach Bryan with Matt Maeson and Levi Turner;Tacoma Dome;2727 East D Street;98421;Tacoma;WA;;2024-11-23;19:00;154;4065;https://seatgeek.com/zach-bryan-tickets/tacoma-washington-tacoma-dome-2024-11-23-7-pm/concert/6157455
Distant Worlds: Music From Final Fantasy;McCaw Hall;321 Mercer Street;98109;Seattle;WA;;2024-01-20;20:00;105;562;https://seatgeek.com/final-fantasy-tickets/seattle-washington-mccaw-hall-2024-01-20-8-pm/concert/6184781
Slaughter Beach, Dog;The Showbox;1426 1st Ave;98101;Seattle;WA;;2024-01-20;21:00;59;468;https://seatgeek.com/slaughter-beach-dog-tickets/seattle-washington-the-showbox-2024-01-20-9-pm/concert/6162056
Qveen Herby;The Crocodile;2200 2nd Avenue;98121;Seattle;WA;;2024-01-21;18:00;71;563;https://seatgeek.com/qveen-herby-tickets/seattle-washington-the-crocodile-2-2024-01-21-6-pm/concert/6255090
DJ Shadow;Neptune Theatre - WA;1303 Northeast 45th Street;98105;Seattle;WA;;2024-01-24;20:00;92;139;https://seatgeek.com/dj-shadow-tickets/seattle-washington-neptune-theatre-wa-2024-01-24-8-pm/concert/6256174
Buck Meek (21+);The Crocodile;2200 2nd Avenue;98121;Seattle;WA;;2024-01-24;20:00;45;78;https://seatgeek.com/buck-meek-tickets/seattle-washington-the-crocodile-2-2024-01-24-8-pm/concert/6099106
Martin Sexton;Kirkland Performance Center;350 Kirkland Avenue;98033;Kirkland;WA;;2024-01-25;19:00;90;326;https://seatgeek.com/martin-sexton-tickets/kirkland-washington-kirkland-performance-center-2024-01-25-7-pm/concert/6226035
Dar Williams with Amy Ray;Neptune Theatre - WA;1303 Northeast 45th Street;98105;Seattle;WA;;2024-01-25;20:00;80;582;https://seatgeek.com/dar-williams-tickets/seattle-washington-neptune-theatre-wa-2024-01-25-8-pm/concert/6174170
Super Diamond - The Neil Diamond Tribute Band;The Showbox;1426 1st Ave;98101;Seattle;WA;;2024-01-26;21:00;71;73;https://seatgeek.com/super-diamond-the-neil-diamond-tribute-band-1-tickets/seattle-washington-the-showbox-2024-01-26-9-pm/concert/6045202
moe.;Neptune Theatre - WA;1303 Northeast 45th Street;98105;Seattle;WA;;2024-01-27;20:00;65;111;https://seatgeek.com/moe-tickets/seattle-washington-neptune-theatre-wa-2024-01-27-8-pm/concert/6249828
G3 with Joe Satriani, Eric Johnson and Steve Vai;Moore Theatre;1932 2nd Avenue;98101;Seattle;WA;;2024-01-31;19:30;88;3872;https://seatgeek.com/g3-tickets/seattle-washington-moore-theatre-2024-01-31-7-30-pm/concert/6175036
JP Saxe;The Showbox;1426 1st Ave;98101;Seattle;WA;;2024-01-31;20:30;55;545;https://seatgeek.com/jp-saxe-tickets/seattle-washington-the-showbox-2024-01-31-8-30-pm/concert/6144658
Excision (18+);Tacoma Dome;2727 East D Street;98421;Tacoma;WA;;2024-02-02;17:30;136;524;https://seatgeek.com/excision-tickets/tacoma-washington-tacoma-dome-2024-02-02-5-30-pm/concert/6177908
Foghat;Admiral Theatre;515 Pacific Avenue;98337;Bremerton;WA;;2024-02-02;19:30;58;169;https://seatgeek.com/foghat-tickets/bremerton-washington-admiral-theatre-2024-02-02-7-30-pm/concert/6231440
The Elovaters with Shwayze;Neptune Theatre - WA;1303 Northeast 45th Street;98105;Seattle;WA;;2024-02-02;20:00;46;643;https://seatgeek.com/the-elovaters-tickets/seattle-washington-neptune-theatre-wa-2024-02-02-8-pm/concert/6183307
Excision - 3 Day Pass (18+);Tacoma Dome;2727 East D Street;98421;Tacoma;WA;;2024-02-03;03:30;683;751;https://seatgeek.com/excision-tickets/tacoma-washington-tacoma-dome-2024-02-03-3-30-am/concert/6164911
Excision - Friday Pass (18+);Tacoma Dome;2727 East D Street;98421;Tacoma;WA;;2024-02-03;18:00;160;573;https://seatgeek.com/excision-tickets/tacoma-washington-tacoma-dome-2024-02-03-6-pm/concert/6164905
Cold War Kids with Hovvdy;Moore Theatre;1932 2nd Avenue;98101;Seattle;WA;;2024-02-03;20:00;72;524;https://seatgeek.com/cold-war-kids-tickets/seattle-washington-moore-theatre-2024-02-03-8-pm/concert/6177617
Excision - Saturday Pass (18+);Tacoma Dome;2727 East D Street;98421;Tacoma;WA;;2024-02-04;18:00;107;414;https://seatgeek.com/excision-tickets/tacoma-washington-tacoma-dome-2024-02-04-6-pm/concert/6164907
Neck Deep;Showbox SoDo;1700 1st Avenue South;98134;Seattle;WA;;2024-02-05;19:00;77;510;https://seatgeek.com/neck-deep-tickets/seattle-washington-showbox-sodo-2024-02-05-7-pm/concert/6219922
Thursday with Rival School and Many Eyes;The Crocodile;2200 2nd Avenue;98121;Seattle;WA;;2024-02-05;19:00;86;246;https://seatgeek.com/thursday-tickets/seattle-washington-the-crocodile-2-2024-02-05-7-pm/concert/6225064
The Kills;Showbox SoDo;1700 1st Avenue South;98134;Seattle;WA;;2024-02-07;20:00;78;451;https://seatgeek.com/the-kills-tickets/seattle-washington-showbox-sodo-2024-02-07-8-pm/concert/6248863
Gov't Mule;Moore Theatre;1932 2nd Avenue;98101;Seattle;WA;;2024-02-09;20:00;81;332;https://seatgeek.com/gov-t-mule-tickets/seattle-washington-moore-theatre-2024-02-09-8-pm/concert/6223472
Mayer Hawthorne;Neptune Theatre - WA;1303 Northeast 45th Street;98105;Seattle;WA;;2024-02-09;20:00;57;491;https://seatgeek.com/mayer-hawthorne-tickets/seattle-washington-neptune-theatre-wa-2024-02-09-8-pm/concert/6202639
The Temptations;Paramount Theatre - WA;911 Pine Street;98101;Seattle;WA;;2024-02-10;20:00;68;2276;https://seatgeek.com/the-temptations-tickets/seattle-washington-paramount-theatre-wa-2024-02-10-8-pm/concert/6012083
Postmodern Jukebox;Paramount Theatre - WA;911 Pine Street;98101;Seattle;WA;;2024-02-11;20:00;58;999;https://seatgeek.com/postmodern-jukebox-tickets/seattle-washington-paramount-theatre-wa-2024-02-11-8-pm/concert/6202977
Eliades Ochoa;Moore Theatre;1932 2nd Avenue;98101;Seattle;WA;;2024-02-13;19:30;51;238;https://seatgeek.com/eliades-ochoa-tickets/seattle-washington-moore-theatre-2024-02-13-7-30-pm/concert/6063460
Maddie Zahm;Neptune Theatre - WA;1303 Northeast 45th Street;98105;Seattle;WA;;2024-02-15;20:00;50;491;https://seatgeek.com/maddie-zahm-tickets/seattle-washington-neptune-theatre-wa-2024-02-15-8-pm/concert/6211981
Silversun Pickups;Moore Theatre;1932 2nd Avenue;98101;Seattle;WA;;2024-02-15;20:00;60;935;https://seatgeek.com/silversun-pickups-tickets/seattle-washington-moore-theatre-2024-02-15-8-pm/concert/6248522
The Beaches;Neumos;925 East Pike Street;98122;Seattle;WA;;2024-02-15;20:00;49;439;https://seatgeek.com/the-beaches-tickets/seattle-washington-neumos-2024-02-15-8-pm/concert/6255069
Feist;Showbox SoDo;1700 1st Avenue South;98134;Seattle;WA;;2024-02-16;20:00;71;451;https://seatgeek.com/feist-tickets/seattle-washington-showbox-sodo-2024-02-16-8-pm/concert/6249631
Lukas Graham;Neptune Theatre - WA;1303 Northeast 45th Street;98105;Seattle;WA;;2024-02-16;20:00;62;524;https://seatgeek.com/lukas-graham-tickets/seattle-washington-neptune-theatre-wa-2024-02-16-8-pm/concert/6176520
Cory Wong;Paramount Theatre - WA;911 Pine Street;98101;Seattle;WA;;2024-02-16;20:00;55;741;https://seatgeek.com/cory-wong-tickets/seattle-washington-paramount-theatre-wa-2024-02-16-8-pm/concert/6146043
The Beaches;Neumos;925 East Pike Street;98122;Seattle;WA;;2024-02-16;20:00;76;305;https://seatgeek.com/the-beaches-tickets/seattle-washington-neumos-2024-02-16-8-pm/concert/6233098
The Devil Wears Prada and Fit For A King;Showbox SoDo;1700 1st Avenue South;98134;Seattle;WA;;2024-02-17;19:00;59;451;https://seatgeek.com/the-devil-wears-prada-tickets/seattle-washington-showbox-sodo-2024-02-17-7-pm/concert/6249741
TobyMac with Cory Asbury, Mac Powell, Tasha Layton, John Reddick, and Terrian;ShoWare Center;625 West James Street;98032;Kent;WA;;2024-02-17;19:00;56;340;https://seatgeek.com/tobymac-tickets/kent-washington-showare-center-2024-02-17-7-pm/concert/6179911
Madonna (Rescheduled from 7/18/2023);Climate Pledge Arena;401 1st Ave.;98109;Seattle;WA;;2024-02-17;20:30;107;3762;https://seatgeek.com/madonna-tickets/seattle-washington-climate-pledge-arena-3-2024-02-17-8-30-pm/concert/5915065
Madonna (Rescheduled from 7/19/2023);Climate Pledge Arena;401 1st Ave.;98109;Seattle;WA;;2024-02-18;20:30;105;3845;https://seatgeek.com/madonna-tickets/seattle-washington-climate-pledge-arena-3-2024-02-18-8-30-pm/concert/5920537
Em Beihold;Neumos;925 East Pike Street;98122;Seattle;WA;;2024-02-22;19:00;54;451;https://seatgeek.com/em-beihold-tickets/seattle-washington-neumos-2024-02-22-7-pm/concert/6232758
Katy Kirby;Barboza;925 East Pike Street;98122;Seattle;WA;;2024-02-22;19:00;52;140;https://seatgeek.com/katy-kirby-tickets/seattle-washington-barboza-2024-02-22-7-pm/concert/6249649
Mahalia;Neptune Theatre - WA;1303 Northeast 45th Street;98105;Seattle;WA;;2024-02-22;20:00;56;474;https://seatgeek.com/mahalia-tickets/seattle-washington-neptune-theatre-wa-2024-02-22-8-pm/concert/6211982
The Hotelier and Foxing;The Crocodile;2200 2nd Avenue;98121;Seattle;WA;;2024-02-23;17:45;55;189;https://seatgeek.com/the-hotelier-tickets/seattle-washington-the-crocodile-2-2024-02-23-5-45-pm/concert/6064910
COBRAH;Neumos;925 East Pike Street;98122;Seattle;WA;;2024-02-23;20:00;73;469;https://seatgeek.com/cobrah-tickets/seattle-washington-neumos-2024-02-23-8-pm/concert/6242507
Dorian Electra with Frost Children;Neptune Theatre - WA;1303 Northeast 45th Street;98105;Seattle;WA;;2024-02-23;20:00;57;469;https://seatgeek.com/dorian-electra-tickets/seattle-washington-neptune-theatre-wa-2024-02-23-8-pm/concert/6225687
The Music of David Bowie for Kids;Benaroya Hall;200 University Street;98101;Seattle;WA;;2024-02-23;20:00;85;183;https://seatgeek.com/the-music-of-david-bowie-for-kids-tickets/seattle-washington-benaroya-hall-2024-02-23-8-pm/concert/6177555
Sarah Jarosz;The Crocodile;2200 2nd Avenue;98121;Seattle;WA;;2024-02-24;18:00;54;134;https://seatgeek.com/sarah-jarosz-tickets/seattle-washington-the-crocodile-2-2024-02-24-6-pm/concert/6220001
Eli Young Band;Admiral Theatre;515 Pacific Avenue;98337;Bremerton;WA;;2024-02-24;19:30;63;188;https://seatgeek.com/eli-young-band-tickets/bremerton-washington-admiral-theatre-2024-02-24-7-30-pm/concert/6226861
Kitchen Dwellers;Neptune Theatre - WA;1303 Northeast 45th Street;98105;Seattle;WA;;2024-02-24;20:00;51;451;https://seatgeek.com/kitchen-dwellers-tickets/seattle-washington-neptune-theatre-wa-2024-02-24-8-pm/concert/6249829
Voctave;Federal Way Performing Arts Event Center Theater;31510 Pete von Reichbauer Way South;98003;Federal Way;WA;;2024-02-25;19:30;132;166;https://seatgeek.com/voctave-tickets/federal-way-washington-federal-way-performing-arts-event-center-theater-2-2024-02-25-7-30-pm/concert/6232404
Helado Negro;Neptune Theatre - WA;1303 Northeast 45th Street;98105;Seattle;WA;;2024-02-25;20:00;42;469;https://seatgeek.com/helado-negro-tickets/seattle-washington-neptune-theatre-wa-2024-02-25-8-pm/concert/6238959
Waterparks;Showbox SoDo;1700 1st Avenue South;98134;Seattle;WA;;2024-02-26;19:00;70;451;https://seatgeek.com/waterparks-tickets/seattle-washington-showbox-sodo-2024-02-26-7-pm/concert/6234104
Jeff Rosenstock with Small Crush;The Showbox;1426 1st Ave;98101;Seattle;WA;;2023-12-11;19:00;60;467;https://seatgeek.com/jeff-rosenstock-tickets/seattle-washington-the-showbox-2023-12-11-7-pm/concert/6035314
Cattle Decapitation;The Crocodile;2200 2nd Avenue;98121;Seattle;WA;;2023-12-11;19:00;61;153;https://seatgeek.com/cattle-decapitation-tickets/seattle-washington-the-crocodile-2-2023-12-11-7-pm/concert/6112163
Armor For Sleep;El Corazon;109 Eastlake Ave E;98109;Seattle;WA;;2023-12-11;19:30;61;524;https://seatgeek.com/armor-for-sleep-tickets/seattle-washington-el-corazon-2023-12-11-7-30-pm/concert/6106405
Devendra Banhart;Neptune Theatre - WA;1303 Northeast 45th Street;98105;Seattle;WA;;2023-12-12;20:00;54;469;https://seatgeek.com/devendra-banhart-tickets/seattle-washington-neptune-theatre-wa-2023-12-12-8-pm/concert/6058620
The Midtown Men;Kirkland Performance Center;350 Kirkland Avenue;98033;Kirkland;WA;;2023-12-13;19:00;143;173;https://seatgeek.com/the-midtown-men-tickets/kirkland-washington-kirkland-performance-center-2023-12-13-7-pm/concert/6254571
Mariachi Sol de Mexico;Moore Theatre;1932 2nd Avenue;98101;Seattle;WA;;2023-12-13;19:30;58;564;https://seatgeek.com/mariachi-sol-de-mexico-tickets/seattle-washington-moore-theatre-2023-12-13-7-30-pm/concert/6063465
Grieves;The Crocodile;2200 2nd Avenue;98121;Seattle;WA;;2023-12-14;19:00;51;145;https://seatgeek.com/grieves-tickets/seattle-washington-the-crocodile-2-2023-12-14-7-pm/concert/6255677
Paul Cauthen (21+);The Showbox;1426 1st Ave;98101;Seattle;WA;;2023-12-14;20:30;76;524;https://seatgeek.com/paul-cauthen-tickets/seattle-washington-the-showbox-2023-12-14-8-30-pm/concert/6113476
The Midtown Men;Admiral Theatre;515 Pacific Avenue;98337;Bremerton;WA;;2023-12-15;19:30;59;169;https://seatgeek.com/the-midtown-men-tickets/bremerton-washington-admiral-theatre-2023-12-15-7-30-pm/concert/6231442
Ginger Root;Neptune Theatre - WA;1303 Northeast 45th Street;98105;Seattle;WA;;2023-12-15;20:00;63;557;https://seatgeek.com/ginger-root-tickets/seattle-washington-neptune-theatre-wa-2023-12-15-8-pm/concert/6174169
Cayucas (21+);Nectar Lounge;412 North 36th Street;98103;Seattle;WA;;2023-12-16;20:00;45;116;https://seatgeek.com/cayucas-tickets/seattle-washington-nectar-lounge-2023-12-16-8-pm/concert/6128081
Dance Yourself Clean;Chop Suey;1325 E Madison St;98122;Seattle;WA;;2023-12-16;21:00;17;158;https://seatgeek.com/dance-yourself-clean-tickets/seattle-washington-chop-suey-2023-12-16-9-pm/concert/6168704
Apashe;Showbox SoDo;1700 1st Avenue South;98134;Seattle;WA;;2023-12-16;22:00;83;496;https://seatgeek.com/apashe-tickets/seattle-washington-showbox-sodo-2023-12-16-10-pm/concert/6118792
Matt Rogers;Moore Theatre;1932 2nd Avenue;98101;Seattle;WA;;2023-12-19;20:00;66;631;https://seatgeek.com/matt-rogers-tickets/seattle-washington-moore-theatre-2023-12-19-8-pm/concert/6220240
Portland Cello Project;Kirkland Performance Center;350 Kirkland Avenue;98033;Kirkland;WA;;2023-12-21;19:00;88;160;https://seatgeek.com/portland-cello-project-tickets/kirkland-washington-kirkland-performance-center-2023-12-21-7-pm/concert/6254570
Zakk Sabbath with The Native Howl;Neptune Theatre - WA;1303 Northeast 45th Street;98105;Seattle;WA;;2023-12-21;19:30;77;474;https://seatgeek.com/zakk-sabbath-tickets/seattle-washington-neptune-theatre-wa-2023-12-21-7-30-pm/concert/6214777
Macklemore & Ryan Lewis;Climate Pledge Arena;401 1st Ave.;98109;Seattle;WA;;2023-12-21;19:30;60;3481;https://seatgeek.com/macklemore-ryan-lewis-tickets/seattle-washington-climate-pledge-arena-3-2023-12-21-7-30-pm/concert/6047598
The Jinkx and Dela Holiday Show - Seattle;Moore Theatre;1932 2nd Avenue;98101;Seattle;WA;;2023-12-21;20:00;82;711;https://seatgeek.com/jinkx-monsoon-tickets/seattle-washington-moore-theatre-2023-12-21-8-pm/concert/6094684
Macklemore & Ryan Lewis;Climate Pledge Arena;401 1st Ave.;98109;Seattle;WA;;2023-12-22;19:30;65;1182;https://seatgeek.com/macklemore-ryan-lewis-tickets/seattle-washington-climate-pledge-arena-3-2023-12-22-7-30-pm/concert/6051788
The Jinkx and Dela Holiday Show - Seattle;Moore Theatre;1932 2nd Avenue;98101;Seattle;WA;;2023-12-22;20:00;71;954;https://seatgeek.com/jinkx-monsoon-tickets/seattle-washington-moore-theatre-2023-12-22-8-pm/concert/6094685
The Jinkx and Dela Holiday Show - Seattle;Moore Theatre;1932 2nd Avenue;98101;Seattle;WA;;2023-12-23;20:00;82;1188;https://seatgeek.com/jinkx-monsoon-tickets/seattle-washington-moore-theatre-2023-12-23-8-pm/concert/6094687
Dance Yourself Clean;Chop Suey;1325 E Madison St;98122;Seattle;WA;;2023-12-23;21:00;17;158;https://seatgeek.com/dance-yourself-clean-tickets/seattle-washington-chop-suey-2023-12-23-9-pm/concert/6168703
The Jinkx and Dela Holiday Show - Seattle;Moore Theatre;1932 2nd Avenue;98101;Seattle;WA;;2023-12-24;15:00;82;848;https://seatgeek.com/jinkx-monsoon-tickets/seattle-washington-moore-theatre-2023-12-24-3-pm/concert/6094689
Samantha Fish;The Crocodile;2200 2nd Avenue;98121;Seattle;WA;;2023-12-29;18:00;69;157;https://seatgeek.com/samantha-fish-tickets/seattle-washington-the-crocodile-2-2023-12-29-6-pm/concert/6255679
Samantha Fish;Admiral Theatre;515 Pacific Avenue;98337;Bremerton;WA;;2023-12-30;19:30;54;138;https://seatgeek.com/samantha-fish-tickets/bremerton-washington-admiral-theatre-2023-12-30-7-30-pm/concert/6218392
The Bridge City Sinners;McMenamins Elks Temple;565 Broadway;98402;Tacoma;WA;;2023-12-30;20:00;63;113;https://seatgeek.com/the-bridge-city-sinners-tickets/tacoma-washington-mcmenamins-elks-temple-2023-12-30-8-pm/concert/6232216
MxPx with Diesel Boy;The Showbox;1426 1st Ave;98101;Seattle;WA;;2023-12-30;20:30;67;546;https://seatgeek.com/mxpx-tickets/seattle-washington-the-showbox-2023-12-30-8-30-pm/concert/6220916
Dance Yourself Clean;Chop Suey;1325 E Madison St;98122;Seattle;WA;;2023-12-30;21:00;17;163;https://seatgeek.com/dance-yourself-clean-tickets/seattle-washington-chop-suey-2023-12-30-9-pm/concert/6168705
Heart;Climate Pledge Arena;401 1st Ave.;98109;Seattle;WA;;2023-12-31;20:00;89;9024;https://seatgeek.com/heart-tickets/seattle-washington-climate-pledge-arena-3-2023-12-31-8-pm/concert/6250495
The Motet with Too Many Zooz;Neptune Theatre - WA;1303 Northeast 45th Street;98105;Seattle;WA;;2023-12-31;20:45;70;563;https://seatgeek.com/the-motet-tickets/seattle-washington-neptune-theatre-wa-2023-12-31-8-45-pm/concert/6209280
Heart By Heart;Suquamish Clearwater Casino Resort Event Lawn;15347 Suquamish Way NE;98392;Suquamish;WA;;2023-12-31;21:00;61;131;https://seatgeek.com/heart-by-heart-tickets/suquamish-washington-suquamish-clearwater-casino-resort-event-lawn-2023-12-31-9-pm/concert/6171518
Black Flag;El Corazon;109 Eastlake Ave E;98109;Seattle;WA;;2024-01-03;20:00;66;524;https://seatgeek.com/black-flag-tickets/seattle-washington-el-corazon-2024-01-03-8-pm/concert/6230897
Sonic Symphony;Paramount Theatre - WA;911 Pine Street;98101;Seattle;WA;;2024-01-05;20:00;89;565;https://seatgeek.com/sonic-symphony-tickets/seattle-washington-paramount-theatre-wa-2024-01-05-8-pm/concert/6091754
Uptown Funk;Suquamish Clearwater Casino Resort Event Lawn;15347 Suquamish Way NE;98392;Suquamish;WA;;2024-01-06;20:00;41;148;https://seatgeek.com/uptown-funk-tickets/suquamish-washington-suquamish-clearwater-casino-resort-event-lawn-2024-01-06-8-pm/concert/6233790
Joe List;Tacoma Comedy Club;933 Market Street;98402;Tacoma;WA;;2024-01-11;19:30;108;178;https://seatgeek.com/joe-list-tickets/tacoma-washington-tacoma-comedy-club-2024-01-11-7-30-pm/concert/6190128
Joe List;Tacoma Comedy Club;933 Market Street;98402;Tacoma;WA;;2024-01-12;19:30;108;179;https://seatgeek.com/joe-list-tickets/tacoma-washington-tacoma-comedy-club-2024-01-12-7-30-pm/concert/6190127
Dru Hill;Emerald Queen Casino;2102 Alexander Ave;98404;Tacoma;WA;;2024-01-12;20:30;71;605;https://seatgeek.com/dru-hill-tickets/tacoma-washington-emerald-queen-casino-2024-01-12-8-30-pm/concert/6253481
Joe List;Tacoma Comedy Club;933 Market Street;98402;Tacoma;WA;;2024-01-12;22:15;108;179;https://seatgeek.com/joe-list-tickets/tacoma-washington-tacoma-comedy-club-2024-01-12-10-15-pm/concert/6190126
Joe List;Tacoma Comedy Club;933 Market Street;98402;Tacoma;WA;;2024-01-13;19:00;108;179;https://seatgeek.com/joe-list-tickets/tacoma-washington-tacoma-comedy-club-2024-01-13-7-pm/concert/6190125
Plaid;Barboza;925 East Pike Street;98122;Seattle;WA;;2024-01-13;19:00;54;62;https://seatgeek.com/plaid-tickets/seattle-washington-barboza-2024-01-13-7-pm/concert/6096844
Odie Leigh;Neumos;925 East Pike Street;98122;Seattle;WA;;2024-01-13;19:00;50;545;https://seatgeek.com/odie-leigh-tickets/seattle-washington-neumos-2024-01-13-7-pm/concert/6242147
Joe List;Tacoma Comedy Club;933 Market Street;98402;Tacoma;WA;;2024-01-13;21:45;108;179;https://seatgeek.com/joe-list-tickets/tacoma-washington-tacoma-comedy-club-2024-01-13-9-45-pm/concert/6190124
Dinosaur Jr.;Neptune Theatre - WA;1303 Northeast 45th Street;98105;Seattle;WA;;2024-01-17;20:00;83;491;https://seatgeek.com/dinosaur-jr-tickets/seattle-washington-neptune-theatre-wa-2024-01-17-8-pm/concert/6202635
Dinosaur Jr.;Neptune Theatre - WA;1303 Northeast 45th Street;98105;Seattle;WA;;2024-01-18;20:00;84;509;https://seatgeek.com/dinosaur-jr-tickets/seattle-washington-neptune-theatre-wa-2024-01-18-8-pm/concert/6202636
Pink Martini;Admiral Theatre;515 Pacific Avenue;98337;Bremerton;WA;;2024-01-19;19:30;60;155;https://seatgeek.com/pink-martini-tickets/bremerton-washington-admiral-theatre-2024-01-19-7-30-pm/concert/6185481
Parker McCollum with Larry Fleet;Angel of the Winds Arena;2000 Hewitt Ave;98201;Everett;WA;;2024-01-19;19:30;44;1552;https://seatgeek.com/parker-mccollum-tickets/everett-washington-angel-of-the-winds-arena-2024-01-19-7-30-pm/concert/6234238
Distant Worlds: Music From Final Fantasy;McCaw Hall;321 Mercer Street;98109;Seattle;WA;;2024-01-19;20:00;128;1106;https://seatgeek.com/distant-worlds-tickets/seattle-washington-mccaw-hall-2024-01-19-8-pm/concert/6229140
Distant Worlds: Music From Final Fantasy;McCaw Hall;321 Mercer Street;98109;Seattle;WA;;2024-01-20;20:00;105;562;https://seatgeek.com/final-fantasy-tickets/seattle-washington-mccaw-hall-2024-01-20-8-pm/concert/6184781
Slaughter Beach, Dog;The Showbox;1426 1st Ave;98101;Seattle;WA;;2024-01-20;21:00;59;468;https://seatgeek.com/slaughter-beach-dog-tickets/seattle-washington-the-showbox-2024-01-20-9-pm/concert/6162056
Qveen Herby;The Crocodile;2200 2nd Avenue;98121;Seattle;WA;;2024-01-21;18:00;71;563;https://seatgeek.com/qveen-herby-tickets/seattle-washington-the-crocodile-2-2024-01-21-6-pm/concert/6255090
Dance Yourself Clean;Chop Suey;1325 E Madison St;98122;Seattle;WA;;2023-11-25;21:00;17;158;https://seatgeek.com/dance-yourself-clean-tickets/seattle-washington-chop-suey-2023-11-25-9-pm/concert/6168709
Depeche Mode;Climate Pledge Arena;401 1st Ave.;98109;Seattle;WA;;2023-11-26;19:00;117;5431;https://seatgeek.com/depeche-mode-tickets/seattle-washington-climate-pledge-arena-3-2023-11-26-7-pm/concert/5946506
Katatonia;Neptune Theatre - WA;1303 Northeast 45th Street;98105;Seattle;WA;;2023-11-26;19:30;72;422;https://seatgeek.com/katatonia-tickets/seattle-washington-neptune-theatre-wa-2023-11-26-7-30-pm/concert/6157657
Dirty Honey;The Showbox;1426 1st Ave;98101;Seattle;WA;;2023-11-26;19:45;51;524;https://seatgeek.com/dirty-honey-tickets/seattle-washington-the-showbox-2023-11-26-7-45-pm/concert/6122287
Worakls;Madame Lou's;2505 1st Ave;98121;Seattle;WA;;2023-11-26;20:30;58;163;https://seatgeek.com/worakls-tickets/seattle-washington-madame-lou-s-2023-11-26-8-30-pm/concert/6224982
Majid Jordan;Showbox SoDo;1700 1st Avenue South;98134;Seattle;WA;;2023-11-27;20:00;59;491;https://seatgeek.com/majid-jordan-tickets/seattle-washington-showbox-sodo-2023-11-27-8-pm/concert/6214029
Yussef Dayes;The Showbox;1426 1st Ave;98101;Seattle;WA;;2023-11-28;20:00;58;451;https://seatgeek.com/yussef-dayes-tickets/seattle-washington-the-showbox-2023-11-28-8-pm/concert/6172358
Quicksand (21+);Neumos;925 East Pike Street;98122;Seattle;WA;;2023-11-29;19:00;62;467;https://seatgeek.com/quicksand-tickets/seattle-washington-neumos-2023-11-29-7-pm/concert/6064931
Living Legends with Brother Ali (21+);The Showbox;1426 1st Ave;98101;Seattle;WA;;2023-11-29;20:00;70;557;https://seatgeek.com/living-legends-tickets/seattle-washington-the-showbox-2023-11-29-8-pm/concert/6146692
Indigo De Souza;Neptune Theatre - WA;1303 Northeast 45th Street;98105;Seattle;WA;;2023-11-29;20:00;45;524;https://seatgeek.com/indigo-de-souza-tickets/seattle-washington-neptune-theatre-wa-2023-11-29-8-pm/concert/6176517
Buster Shuffle;The Crocodile;2200 2nd Avenue;98121;Seattle;WA;;2023-11-30;19:00;67;67;https://seatgeek.com/buster-shuffle-tickets/seattle-washington-the-crocodile-2-2023-11-30-7-pm/concert/6124932
Big Wreck (21+);Neumos;925 East Pike Street;98122;Seattle;WA;;2023-11-30;19:00;50;524;https://seatgeek.com/big-wreck-tickets/seattle-washington-neumos-2023-11-30-7-pm/concert/6252883
Busty and the Bass (21+);Barboza;925 East Pike Street;98122;Seattle;WA;;2023-11-30;19:00;54;140;https://seatgeek.com/busty-and-the-bass-tickets/seattle-washington-barboza-2023-11-30-7-pm/concert/6229559
David Robertson;Benaroya Hall;200 University Street;98101;Seattle;WA;;2023-11-30;19:30;158;1021;https://seatgeek.com/david-robertson-tickets/seattle-washington-benaroya-hall-2023-11-30-7-30-pm/concert/6203634
Suicidal Tendencies (21+);Showbox SoDo;1700 1st Avenue South;98134;Seattle;WA;;2023-11-30;20:00;76;619;https://seatgeek.com/suicidal-tendencies-tickets/seattle-washington-showbox-sodo-2023-11-30-8-pm/concert/6172348
Elephant Revival with Joe Purdy;Neptune Theatre - WA;1303 Northeast 45th Street;98105;Seattle;WA;;2023-11-30;20:00;64;545;https://seatgeek.com/elephant-revival-tickets/seattle-washington-neptune-theatre-wa-2023-11-30-8-pm/concert/6168463
alt-j;Showbox SoDo;1700 1st Avenue South;98134;Seattle;WA;;2023-12-01;20:00;147;1130;https://seatgeek.com/alt-j-tickets/seattle-washington-showbox-sodo-2023-12-01-8-pm/concert/6091786
CRi - Christophe Dube (18+);Neumos;925 East Pike Street;98122;Seattle;WA;;2023-12-01;21:00;61;85;https://seatgeek.com/cri-christophe-dube-tickets/seattle-washington-neumos-2023-12-01-9-pm/concert/6230387
For King & Country;Angel of the Winds Arena;2000 Hewitt Ave;98201;Everett;WA;;2023-12-02;19:00;55;1178;https://seatgeek.com/for-king-country-tickets/everett-washington-angel-of-the-winds-arena-2023-12-02-7-pm/concert/6091288
The 1975;Climate Pledge Arena;401 1st Ave.;98109;Seattle;WA;;2023-12-02;19:30;42;1304;https://seatgeek.com/the-1975-tickets/seattle-washington-climate-pledge-arena-3-2023-12-02-7-30-pm/concert/6055892
Jenny Lewis;Paramount Theatre - WA;911 Pine Street;98101;Seattle;WA;;2023-12-02;20:00;60;814;https://seatgeek.com/jenny-lewis-tickets/seattle-washington-paramount-theatre-wa-2023-12-02-8-pm/concert/6175364
Alt-J (21+);Showbox SoDo;1700 1st Avenue South;98134;Seattle;WA;;2023-12-02;20:00;125;1119;https://seatgeek.com/alt-j-tickets/seattle-washington-showbox-sodo-2023-12-02-8-pm/concert/6109416
Dance Yourself Clean;Chop Suey;1325 E Madison St;98122;Seattle;WA;;2023-12-02;21:00;17;158;https://seatgeek.com/dance-yourself-clean-tickets/seattle-washington-chop-suey-2023-12-02-9-pm/concert/6168706
David Robertson;Benaroya Hall;200 University Street;98101;Seattle;WA;;2023-12-03;14:00;158;1061;https://seatgeek.com/david-robertson-tickets/seattle-washington-benaroya-hall-2023-12-03-2-pm/concert/6203635
Kidz Bop;Paramount Theatre - WA;911 Pine Street;98101;Seattle;WA;;2023-12-03;16:00;63;812;https://seatgeek.com/kidz-bop-tickets/seattle-washington-paramount-theatre-wa-2023-12-03-4-pm/concert/6174839
Mammoth WVH with Nita Strauss (21+);The Showbox;1426 1st Ave;98101;Seattle;WA;;2023-12-03;19:30;81;469;https://seatgeek.com/mammoth-wvh-tickets/seattle-washington-the-showbox-2023-12-03-7-30-pm/concert/6092031
Alt-J;Showbox SoDo;1700 1st Avenue South;98134;Seattle;WA;;2023-12-03;20:00;113;263;https://seatgeek.com/alt-j-tickets/seattle-washington-showbox-sodo-2023-12-03-8-pm/concert/6122448
Codeine;Barboza;925 East Pike Street;98122;Seattle;WA;;2023-12-04;19:00;60;146;https://seatgeek.com/codeine-tickets/seattle-washington-barboza-2023-12-04-7-pm/concert/6096843
Hania Rani;Neptune Theatre - WA;1303 Northeast 45th Street;98105;Seattle;WA;;2023-12-05;19:30;50;68;https://seatgeek.com/hania-rani-tickets/seattle-washington-neptune-theatre-wa-2023-12-05-7-30-pm/concert/6042888
Blue Oyster Cult (21+);Muckleshoot Events Center;2402 Auburn Way South;98002;Auburn;WA;;2023-12-05;20:00;96;528;https://seatgeek.com/blue-oyster-cult-tickets/auburn-washington-muckleshoot-events-center-2-2023-12-05-8-pm/concert/6132312
MoneyBagg Yo (Rescheduled from 9/12) (Moved from Showbox SODO);The Showbox;1426 1st Ave;98101;Seattle;WA;;2023-12-05;20:00;116;537;https://seatgeek.com/moneybagg-yo-tickets/seattle-washington-the-showbox-2023-12-05-8-pm/concert/6052587
TV Girl;Showbox SoDo;1700 1st Avenue South;98134;Seattle;WA;;2023-12-06;20:00;451;842;https://seatgeek.com/tv-girl-tickets/seattle-washington-showbox-sodo-2023-12-06-8-pm/concert/6034150
Beauty School Dropout;Chop Suey;1325 E Madison St;98122;Seattle;WA;;2023-12-06;20:00;48;153;https://seatgeek.com/beauty-school-dropout-tickets/seattle-washington-chop-suey-2023-12-06-8-pm/concert/6154182
The Menzingers;Showbox SoDo;1700 1st Avenue South;98134;Seattle;WA;;2023-12-07;19:30;70;524;https://seatgeek.com/the-menzingers-tickets/seattle-washington-showbox-sodo-2023-12-07-7-30-pm/concert/6129669
Kate Berlant;Neptune Theatre - WA;1303 Northeast 45th Street;98105;Seattle;WA;;2023-12-07;19:30;72;189;https://seatgeek.com/kate-berlant-tickets/seattle-washington-neptune-theatre-wa-2023-12-07-7-30-pm/concert/6249827
Eem Triplin;Chop Suey;1325 E Madison St;98122;Seattle;WA;;2023-12-07;20:00;34;259;https://seatgeek.com/eem-triplin-tickets/seattle-washington-chop-suey-2023-12-07-8-pm/concert/6222398
K-Love Christmas Tour with Danny Gokey, Natalie Grant and Mac Powell;New Life Church;;98203;Everett;WA;;2023-12-08;19:00;110;110;https://seatgeek.com/k-love-christmas-tour-tickets/everett-washington-new-life-church-27-2023-12-08-7-pm/concert/6098113
Enrique Iglesias, Pitbull and Ricky Martin;Climate Pledge Arena;401 1st Ave.;98109;Seattle;WA;;2023-12-08;19:00;203;5746;https://seatgeek.com/juno-awards-tickets/seattle-washington-climate-pledge-arena-3-2023-12-08-7-pm/concert/6042456
Hiss Golden Messenger;Neptune Theatre - WA;1303 Northeast 45th Street;98105;Seattle;WA;;2023-12-08;20:00;51;451;https://seatgeek.com/hiss-golden-messenger-tickets/seattle-washington-neptune-theatre-wa-2023-12-08-8-pm/concert/6138418
Hot Mulligan;Showbox SoDo;1700 1st Avenue South;98134;Seattle;WA;;2023-12-08;20:00;80;1140;https://seatgeek.com/hot-mulligan-tickets/seattle-washington-showbox-sodo-2023-12-08-8-pm/concert/6108167
Natalia LaFourcade;WaMu Theater;800 Occidental Avenue South;98134;Seattle;WA;;2023-12-08;20:00;103;1410;https://seatgeek.com/natalia-lafourcade-tickets/seattle-washington-wamu-theater-2023-12-08-8-pm/concert/6130652
Highly Suspect;Showbox Market;;;Seattle;WA;;2023-12-09;20:00;84;467;https://seatgeek.com/highly-suspect-tickets/seattle-washington-showbox-market-2023-12-09-8-pm/concert/6036002
Laszewo;Neumos;925 East Pike Street;98122;Seattle;WA;;2023-12-09;20:00;54;130;https://seatgeek.com/laszewo-tickets/seattle-washington-neumos-2023-12-09-8-pm/concert/6114240
Lil Tjay;WaMu Theater;800 Occidental Avenue South;98134;Seattle;WA;;2023-12-09;20:00;83;1164;https://seatgeek.com/lil-tjay-tickets/seattle-washington-wamu-theater-2023-12-09-8-pm/concert/6092678
Harbour;El Corazon;109 Eastlake Ave E;98109;Seattle;WA;;2023-12-09;20:00;45;524;https://seatgeek.com/harbour-tickets/seattle-washington-el-corazon-2023-12-09-8-pm/concert/6187143
Read Southall Band;Tractor Tavern;5213 Ballard Ave NW;98107;Seattle;WA;;2023-12-09;20:30;110;132;https://seatgeek.com/read-southall-band-tickets/seattle-washington-tractor-tavern-2023-12-09-8-30-pm/concert/6184931
CloZee;Showbox SoDo;1700 1st Avenue South;98134;Seattle;WA;;2023-12-09;21:00;94;486;https://seatgeek.com/clozee-tickets/seattle-washington-showbox-sodo-2023-12-09-9-pm/concert/6031674
Dance Yourself Clean;Chop Suey;1325 E Madison St;98122;Seattle;WA;;2023-12-09;21:00;17;158;https://seatgeek.com/dance-yourself-clean-tickets/seattle-washington-chop-suey-2023-12-09-9-pm/concert/6168707
Tower of Power;Tulalip Resort Casino;10200 Quil Ceda Blvd;98271;Tulalip;WA;;2023-12-10;20:00;83;401;https://seatgeek.com/tower-of-power-tickets/tulalip-washington-tulalip-resort-casino-2023-12-10-8-pm/concert/6205562
CloZee;Showbox SoDo;1700 1st Avenue South;98134;Seattle;WA;;2023-12-10;20:00;63;467;https://seatgeek.com/clozee-tickets/seattle-washington-showbox-sodo-2023-12-10-8-pm/concert/6060976
Nessa Barrett;Showbox SoDo;1700 1st Avenue South;98134;Seattle;WA;;2023-11-15;20:00;70;1164;https://seatgeek.com/nessa-barrett-tickets/seattle-washington-showbox-sodo-2023-11-15-8-pm/concert/6144522
Joy Oladokun;The Showbox;1426 1st Ave;98101;Seattle;WA;;2023-11-15;20:00;53;557;https://seatgeek.com/joy-oladokun-tickets/seattle-washington-the-showbox-2023-11-15-8-pm/concert/6117580
Jimmy Brown with ROVV;The Crocodile;2200 2nd Avenue;98121;Seattle;WA;;2023-11-15;20:00;84;393;https://seatgeek.com/jimmy-brown-tickets/seattle-washington-the-crocodile-2-2023-11-15-8-pm/concert/6239458
Siddhartha;Neptune Theatre - WA;1303 Northeast 45th Street;98105;Seattle;WA;;2023-11-15;20:00;68;479;https://seatgeek.com/siddhartha-tickets/seattle-washington-neptune-theatre-wa-2023-11-15-8-pm/concert/5971235
Jake Shimabukuro;Federal Way Performing Arts Event Center Theater;31510 Pete von Reichbauer Way South;98003;Federal Way;WA;;2023-11-15;20:00;81;149;https://seatgeek.com/jake-shimabukuro-tickets/federal-way-washington-federal-way-performing-arts-event-center-theater-2-2023-11-15-8-pm/concert/6178339
Angel Du$t;Neumos;925 East Pike Street;98122;Seattle;WA;;2023-11-16;18:00;60;549;https://seatgeek.com/angel-du-t-tickets/seattle-washington-neumos-2023-11-16-6-pm/concert/6093680
EMEI;Barboza;925 East Pike Street;98122;Seattle;WA;;2023-11-16;19:00;23;178;https://seatgeek.com/emei-tickets/seattle-washington-barboza-2023-11-16-7-pm/concert/6096838
John Jorgenson;Kirkland Performance Center;350 Kirkland Avenue;98033;Kirkland;WA;;2023-11-16;19:00;88;157;https://seatgeek.com/john-jorgenson-tickets/kirkland-washington-kirkland-performance-center-2023-11-16-7-pm/concert/6255299
The New Pornographers;The Showbox;1426 1st Ave;98101;Seattle;WA;;2023-11-16;20:00;62;598;https://seatgeek.com/the-new-pornographers-tickets/seattle-washington-the-showbox-2023-11-16-8-pm/concert/5993513
John Craigie;Neptune Theatre - WA;1303 Northeast 45th Street;98105;Seattle;WA;;2023-11-16;20:00;56;544;https://seatgeek.com/john-craigie-tickets/seattle-washington-neptune-theatre-wa-2023-11-16-8-pm/concert/6138426
EMEI;Barboza;925 East Pike Street;98122;Seattle;WA;;2023-11-17;19:00;33;74;https://seatgeek.com/emei-tickets/seattle-washington-barboza-2023-11-17-7-pm/concert/6096841
SYML;Neptune Theatre - WA;1303 Northeast 45th Street;98105;Seattle;WA;;2023-11-17;20:00;50;524;https://seatgeek.com/syml-tickets/seattle-washington-neptune-theatre-wa-2023-11-17-8-pm/concert/6165085
Be Your Own Pet;Neumos;925 East Pike Street;98122;Seattle;WA;;2023-11-17;20:00;49;467;https://seatgeek.com/be-your-own-pet-tickets/seattle-washington-neumos-2023-11-17-8-pm/concert/6114237
Haley Reinhart;Kirkland Performance Center;350 Kirkland Avenue;98033;Kirkland;WA;;2023-11-17;20:00;118;190;https://seatgeek.com/haley-reinhart-tickets/kirkland-washington-kirkland-performance-center-2023-11-17-8-pm/concert/6226037
TroyBoi (18+);Showbox SoDo;1700 1st Avenue South;98134;Seattle;WA;;2023-11-17;20:00;75;524;https://seatgeek.com/troyboi-tickets/seattle-washington-showbox-sodo-2023-11-17-8-pm/concert/6184091
Night Ranger (21+);Emerald Queen Casino;2102 Alexander Ave;98404;Tacoma;WA;;2023-11-17;20:30;60;406;https://seatgeek.com/night-ranger-tickets/tacoma-washington-emerald-queen-casino-2023-11-17-8-30-pm/concert/6165274
Aaron Crawford;McMenamins Elks Temple;565 Broadway;98402;Tacoma;WA;;2023-11-18;19:00;50;70;https://seatgeek.com/aaron-crawford-tickets/tacoma-washington-mcmenamins-elks-temple-2023-11-18-7-pm/concert/6164269
Blue October (21+);Temple Theatre;47 St. Helens Ave;98402;Tacoma;WA;;2023-11-18;19:00;65;154;https://seatgeek.com/blue-october-tickets/tacoma-washington-temple-theatre-2023-11-18-7-pm/concert/6226437
Lauren Daigle;Climate Pledge Arena;401 1st Ave.;98109;Seattle;WA;;2023-11-18;19:30;45;1258;https://seatgeek.com/lauren-daigle-tickets/seattle-washington-climate-pledge-arena-3-2023-11-18-7-30-pm/concert/5978426
Free Throw;Neptune Theatre - WA;1303 Northeast 45th Street;98105;Seattle;WA;;2023-11-18;19:30;44;524;https://seatgeek.com/free-throw-tickets/seattle-washington-neptune-theatre-wa-2023-11-18-7-30-pm/concert/6138424
Sheila E;Suquamish Clearwater Casino Resort Event Lawn;15347 Suquamish Way NE;98392;Suquamish;WA;;2023-11-18;20:00;79;228;https://seatgeek.com/sheila-e-tickets/suquamish-washington-suquamish-clearwater-casino-resort-event-lawn-2023-11-18-8-pm/concert/6048969
Ravenscoon;Neumos;925 East Pike Street;98122;Seattle;WA;;2023-11-18;20:00;63;524;https://seatgeek.com/ravenscoon-tickets/seattle-washington-neumos-2023-11-18-8-pm/concert/6114238
ARMNHMR;Showbox SoDo;1700 1st Avenue South;98134;Seattle;WA;;2023-11-18;20:00;67;1097;https://seatgeek.com/armnhmr-tickets/seattle-washington-showbox-sodo-2023-11-18-8-pm/concert/6172347
Dance Yourself Clean;Chop Suey;1325 E Madison St;98122;Seattle;WA;;2023-11-18;21:00;17;158;https://seatgeek.com/dance-yourself-clean-tickets/seattle-washington-chop-suey-2023-11-18-9-pm/concert/6168708
Koo Koo Kanga Roo;Kirkland Performance Center;350 Kirkland Avenue;98033;Kirkland;WA;;2023-11-19;11:00;64;150;https://seatgeek.com/koo-koo-kanga-roo-tickets/kirkland-washington-kirkland-performance-center-2023-11-19-11-am/concert/6255297
Smash Benefit: A Tribute To Sub Pop;Moore Theatre;1932 2nd Avenue;98101;Seattle;WA;;2023-11-19;19:00;59;497;https://seatgeek.com/a-smash-benefit-tickets/seattle-washington-moore-theatre-2023-11-19-7-pm/concert/6128925
Deap Vally;Neptune Theatre - WA;1303 Northeast 45th Street;98105;Seattle;WA;;2023-11-19;19:00;40;468;https://seatgeek.com/deap-vally-tickets/seattle-washington-neptune-theatre-wa-2023-11-19-7-pm/concert/6189218
The Maine;The Showbox;1426 1st Ave;98101;Seattle;WA;;2023-11-19;19:30;71;557;https://seatgeek.com/the-maine-tickets/seattle-washington-the-showbox-2023-11-19-7-30-pm/concert/6112575
Dale Hollow (21+);Barboza;925 East Pike Street;98122;Seattle;WA;;2023-11-19;20:00;33;128;https://seatgeek.com/dale-hollow-tickets/seattle-washington-barboza-2023-11-19-8-pm/concert/6252618
Mudhoney;The Crocodile;2200 2nd Avenue;98121;Seattle;WA;;2023-11-19;20:00;60;162;https://seatgeek.com/mudhoney-tickets/seattle-washington-the-crocodile-2-2023-11-19-8-pm/concert/6007288
Nathaniel Rateliff with Kevin Morby;Paramount Theatre - WA;911 Pine Street;98101;Seattle;WA;;2023-11-20;20:00;74;1315;https://seatgeek.com/nathaniel-rateliff-tickets/seattle-washington-paramount-theatre-wa-2023-11-20-8-pm/concert/6111513
En Vogue;Muckleshoot Events Center;2402 Auburn Way South;98002;Auburn;WA;;2023-11-20;20:00;87;209;https://seatgeek.com/en-vogue-tickets/auburn-washington-muckleshoot-events-center-2-2023-11-20-8-pm/concert/6087693
Suffocation;El Corazon;109 Eastlake Ave E;98109;Seattle;WA;;2023-11-21;18:15;71;524;https://seatgeek.com/suffocation-tickets/seattle-washington-el-corazon-2023-11-21-6-15-pm/concert/6160108
Sunn O))) with Earth;Moore Theatre;1932 2nd Avenue;98101;Seattle;WA;;2023-11-22;20:00;73;557;https://seatgeek.com/sunn-o-tickets/seattle-washington-moore-theatre-2023-11-22-8-pm/concert/6177616
Christian Death (21+);El Corazon;109 Eastlake Ave E;98109;Seattle;WA;;2023-11-22;20:00;63;123;https://seatgeek.com/christian-death-tickets/seattle-washington-el-corazon-2023-11-22-8-pm/concert/6230895
No Party For Cao Dong (21+);The Crocodile;2200 2nd Avenue;98121;Seattle;WA;;2023-11-23;19:00;189;339;https://seatgeek.com/no-party-for-cao-dong-tickets/seattle-washington-the-crocodile-2-2023-11-23-7-pm/concert/6174933
Subtronics - 2 Day Pass;Tacoma Dome;2727 East D Street;98421;Tacoma;WA;;2023-11-24;03:30;196;24783;https://seatgeek.com/subtronics-tickets/tacoma-washington-tacoma-dome-2023-11-24-3-30-am/concert/6146056
Petty Thief - Tribute to Tom Petty;McMenamins Elks Temple;565 Broadway;98402;Tacoma;WA;;2023-11-24;19:00;51;68;https://seatgeek.com/petty-thief-tribute-to-tom-petty-tickets/tacoma-washington-mcmenamins-elks-temple-2023-11-24-7-pm/concert/6133403
Meshuggah with In Flames and Whitechapel;Paramount Theatre - WA;911 Pine Street;98101;Seattle;WA;;2023-11-24;19:00;75;1113;https://seatgeek.com/meshuggah-tickets/seattle-washington-paramount-theatre-wa-2023-11-24-7-pm/concert/6087333
Subtronics;Tacoma Dome;2727 East D Street;98421;Tacoma;WA;;2023-11-24;19:00;102;348;https://seatgeek.com/subtronics-tickets/tacoma-washington-tacoma-dome-2023-11-24-7-pm/concert/6146058
The Japanese House;Neptune Theatre - WA;1303 Northeast 45th Street;98105;Seattle;WA;;2023-11-24;20:00;67;479;https://seatgeek.com/the-japanese-house-tickets/seattle-washington-neptune-theatre-wa-2023-11-24-8-pm/concert/6040075
Geddy Lee;Moore Theatre;1932 2nd Avenue;98101;Seattle;WA;;2023-11-24;20:00;146;1330;https://seatgeek.com/geddy-lee-tickets/seattle-washington-moore-theatre-2023-11-24-8-pm/concert/6209491
Trans-Siberian Orchestra;Climate Pledge Arena;401 1st Ave.;98109;Seattle;WA;;2023-11-25;15:00;104;1141;https://seatgeek.com/trans-siberian-orchestra-tickets/seattle-washington-climate-pledge-arena-3-2023-11-25-3-pm/concert/6157170
Mannheim Steamroller Christmas - Seattle;Paramount Theatre - WA;911 Pine Street;98101;Seattle;WA;;2023-11-25;17:00;67;1164;https://seatgeek.com/mannheim-steamroller-tickets/seattle-washington-paramount-theatre-wa-2023-11-25-5-pm/concert/6107197
Subtronics with Of The Trees (18+);Tacoma Dome;2727 East D Street;98421;Tacoma;WA;;2023-11-25;19:00;69;350;https://seatgeek.com/subtronics-tickets/tacoma-washington-tacoma-dome-2023-11-25-7-pm/concert/6146057
Jeremy Zucker;Showbox SoDo;1700 1st Avenue South;98134;Seattle;WA;;2023-11-25;19:30;63;496;https://seatgeek.com/jeremy-zucker-tickets/seattle-washington-showbox-sodo-2023-11-25-7-30-pm/concert/6142391
Trans-Siberian Orchestra;Climate Pledge Arena;401 1st Ave.;98109;Seattle;WA;;2023-11-25;19:30;86;1119;https://seatgeek.com/trans-siberian-orchestra-tickets/seattle-washington-climate-pledge-arena-3-2023-11-25-7-30-pm/concert/6157174
Pepe Aguilar;ShoWare Center;625 West James Street;98032;Kent;WA;;2023-11-25;20:00;56;505;https://seatgeek.com/pepe-aguilar-tickets/kent-washington-showare-center-2023-11-25-8-pm/concert/5961134
The Struts;Moore Theatre;1932 2nd Avenue;98101;Seattle;WA;;2023-11-25;20:00;60;543;https://seatgeek.com/the-struts-tickets/seattle-washington-moore-theatre-2023-11-25-8-pm/concert/6088197
Mannheim Steamroller Christmas - Seattle;Paramount Theatre - WA;911 Pine Street;98101;Seattle;WA;;2023-11-25;20:00;64;1164;https://seatgeek.com/mannheim-steamroller-tickets/seattle-washington-paramount-theatre-wa-2023-11-25-8-pm/concert/6107199
An Exclusive Evening with Jose Gonzalez;Moore Theatre;1932 2nd Avenue;98101;Seattle;WA;;2023-11-08;20:00;75;600;https://seatgeek.com/jose-gonzalez-tickets/seattle-washington-moore-theatre-2023-11-08-8-pm/concert/6064844
Barns Courtney;The Showbox;1426 1st Ave;98101;Seattle;WA;;2023-11-08;21:00;50;153;https://seatgeek.com/barns-courtney-tickets/seattle-washington-the-showbox-2023-11-08-9-pm/concert/6106498
Genesis Owusu;Neumos;925 East Pike Street;98122;Seattle;WA;;2023-11-09;19:00;54;153;https://seatgeek.com/genesis-owusu-tickets/seattle-washington-neumos-2023-11-09-7-pm/concert/6114230
Suicide Silence and Chelsea Grin;El Corazon;109 Eastlake Ave E;98109;Seattle;WA;;2023-11-09;19:00;60;159;https://seatgeek.com/suicide-silence-tickets/seattle-washington-el-corazon-2023-11-09-7-pm/concert/6145208
Speedy Ortiz;Barboza;925 East Pike Street;98122;Seattle;WA;;2023-11-09;19:00;43;116;https://seatgeek.com/speedy-ortiz-tickets/seattle-washington-barboza-2023-11-09-7-pm/concert/6096833
Steve Hackett;Moore Theatre;1932 2nd Avenue;98101;Seattle;WA;;2023-11-09;19:30;89;1295;https://seatgeek.com/steve-hackett-tickets/seattle-washington-moore-theatre-2023-11-09-7-30-pm/concert/5981150
Brad Mehldau;Neptune Theatre - WA;1303 Northeast 45th Street;98105;Seattle;WA;;2023-11-09;19:30;66;340;https://seatgeek.com/brad-mehldau-tickets/seattle-washington-neptune-theatre-wa-2023-11-09-7-30-pm/concert/6062358
Ms. Lauryn Hill and Fugees;Climate Pledge Arena;401 1st Ave.;98109;Seattle;WA;;2023-11-09;19:30;61;1667;https://seatgeek.com/ms-lauryn-hill-tickets/seattle-washington-climate-pledge-arena-3-2023-11-09-7-30-pm/concert/6144530
Azizi Gibson;Chop Suey;1325 E Madison St;98122;Seattle;WA;;2023-11-09;20:00;55;174;https://seatgeek.com/azizi-gibson-tickets/seattle-washington-chop-suey-2023-11-09-8-pm/concert/6248587
Long Beach Dub Allstars;The Crocodile;2200 2nd Avenue;98121;Seattle;WA;;2023-11-10;18:00;67;145;https://seatgeek.com/long-beach-dub-allstars-tickets/seattle-washington-the-crocodile-2-2023-11-10-6-pm/concert/6255671
Billy Wayne Davis;Here - After;2505 1st Ave;98121;Seattle;WA;;2023-11-10;19:00;38;176;https://seatgeek.com/billy-wayne-davis-tickets/seattle-washington-here-after-1-2023-11-10-7-pm/concert/6224314
Shallou;Neumos;925 East Pike Street;98122;Seattle;WA;;2023-11-10;19:00;66;116;https://seatgeek.com/shallou-tickets/seattle-washington-neumos-2023-11-10-7-pm/concert/6224328
Two Lanes;Barboza;925 East Pike Street;98122;Seattle;WA;;2023-11-10;19:00;94;121;https://seatgeek.com/two-lanes-tickets/seattle-washington-barboza-2023-11-10-7-pm/concert/6096835
Jonas Brothers;Climate Pledge Arena;401 1st Ave.;98109;Seattle;WA;;2023-11-10;19:00;86;2731;https://seatgeek.com/jonas-brothers-tickets/seattle-washington-climate-pledge-arena-3-2023-11-10-7-pm/concert/6105183
Allison Russell;Admiral Theatre;515 Pacific Avenue;98337;Bremerton;WA;;2023-11-10;19:30;60;149;https://seatgeek.com/allison-russell-tickets/bremerton-washington-admiral-theatre-2023-11-10-7-30-pm/concert/6114702
Zach Nugent;McMenamins Elks Temple;565 Broadway;98402;Tacoma;WA;;2023-11-10;20:00;56;80;https://seatgeek.com/zach-nugent-tickets/tacoma-washington-mcmenamins-elks-temple-2023-11-10-8-pm/concert/6185527
A Giant Dog;El Corazon;109 Eastlake Ave E;98109;Seattle;WA;;2023-11-10;20:00;56;105;https://seatgeek.com/a-giant-dog-tickets/seattle-washington-el-corazon-2023-11-10-8-pm/concert/6230896
Disco Lines (18+);The Showbox;1426 1st Ave;98101;Seattle;WA;;2023-11-10;20:00;55;145;https://seatgeek.com/disco-lines-tickets/seattle-washington-the-showbox-2023-11-10-8-pm/concert/6119050
Pigeons Playing Ping Pong with Dogs In A Pile;Neptune Theatre - WA;1303 Northeast 45th Street;98105;Seattle;WA;;2023-11-10;20:00;49;242;https://seatgeek.com/pigeons-playing-ping-pong-tickets/seattle-washington-neptune-theatre-wa-2023-11-10-8-pm/concert/6057224
Story Of The Year;Showbox SoDo;1700 1st Avenue South;98134;Seattle;WA;;2023-11-10;20:30;67;311;https://seatgeek.com/story-of-the-year-tickets/seattle-washington-showbox-sodo-2023-11-10-8-30-pm/concert/6118518
Matroda (21+);Supernova Seattle;110 South Horton Street;98134;Seattle;WA;;2023-11-10;21:00;61;112;https://seatgeek.com/matroda-tickets/seattle-washington-supernova-seattle-2023-11-10-9-pm/concert/6171889
Jeffrey Martin (21+);Tractor Tavern;5213 Ballard Ave NW;98107;Seattle;WA;;2023-11-10;21:00;52;72;https://seatgeek.com/jeffrey-martin-tickets/seattle-washington-tractor-tavern-2023-11-10-9-pm/concert/6256989
Demetri Martin;Moore Theatre;1932 2nd Avenue;98101;Seattle;WA;;2023-11-11;19:00;57;175;https://seatgeek.com/demetri-martin-tickets/seattle-washington-moore-theatre-2023-11-11-7-pm/concert/5990692
The Infamous Stringdusters with Cris Jacobs;Neptune Theatre - WA;1303 Northeast 45th Street;98105;Seattle;WA;;2023-11-11;19:00;51;153;https://seatgeek.com/the-infamous-stringdusters-tickets/seattle-washington-neptune-theatre-wa-2023-11-11-7-pm/concert/6138430
This Wild Life with Broadside;El Corazon;109 Eastlake Ave E;98109;Seattle;WA;;2023-11-11;19:00;81;178;https://seatgeek.com/this-wild-life-tickets/seattle-washington-el-corazon-2023-11-11-7-pm/concert/6159414
Del Water Gap with Kristiane;The Crocodile;2200 2nd Avenue;98121;Seattle;WA;;2023-11-11;20:00;71;164;https://seatgeek.com/del-water-gap-tickets/seattle-washington-the-crocodile-2-2023-11-11-8-pm/concert/6087028
Walker & Royce;Showbox SoDo;1700 1st Avenue South;98134;Seattle;WA;;2023-11-11;20:00;56;133;https://seatgeek.com/walker-royce-tickets/seattle-washington-showbox-sodo-2023-11-11-8-pm/concert/6255055
Jessica Audiffred;Neumos;925 East Pike Street;98122;Seattle;WA;;2023-11-11;20:00;64;124;https://seatgeek.com/jessica-audiffred-tickets/seattle-washington-neumos-2023-11-11-8-pm/concert/6114232
Stokley Williams;Emerald Queen Casino;2102 Alexander Ave;98404;Tacoma;WA;;2023-11-11;20:30;49;376;https://seatgeek.com/stokley-williams-1-tickets/tacoma-washington-emerald-queen-casino-2023-11-11-8-30-pm/concert/6165273
Chappell Roan;The Showbox;1426 1st Ave;98101;Seattle;WA;;2023-11-11;21:00;147;497;https://seatgeek.com/chappell-roan-tickets/seattle-washington-the-showbox-2023-11-11-9-pm/concert/6172357
Dance Yourself Clean;Chop Suey;1325 E Madison St;98122;Seattle;WA;;2023-11-11;21:00;17;158;https://seatgeek.com/dance-yourself-clean-tickets/seattle-washington-chop-suey-2023-11-11-9-pm/concert/6168715
Demetri Martin;Moore Theatre;1932 2nd Avenue;98101;Seattle;WA;;2023-11-11;21:30;95;377;https://seatgeek.com/demetri-martin-tickets/seattle-washington-moore-theatre-2023-11-11-9-30-pm/concert/6014802
Charlotte Cardin;Neumos;925 East Pike Street;98122;Seattle;WA;;2023-11-12;19:00;42;184;https://seatgeek.com/charlotte-cardin-tickets/seattle-washington-neumos-2023-11-12-7-pm/concert/6093902
Aidan Bissett;Barboza;925 East Pike Street;98122;Seattle;WA;;2023-11-12;19:00;33;147;https://seatgeek.com/aidan-bissett-tickets/seattle-washington-barboza-2023-11-12-7-pm/concert/6096837
Watchhouse;The Crocodile;2200 2nd Avenue;98121;Seattle;WA;;2023-11-12;20:00;84;154;https://seatgeek.com/watchhouse-tickets/seattle-washington-the-crocodile-2-2023-11-12-8-pm/concert/6255672
Aqua;Paramount Theatre - WA;911 Pine Street;98101;Seattle;WA;;2023-11-12;20:00;97;1096;https://seatgeek.com/aqua-tickets/seattle-washington-paramount-theatre-wa-2023-11-12-8-pm/concert/6149774
MONOWHALES (21+);Barboza;925 East Pike Street;98122;Seattle;WA;;2023-11-13;18:30;45;116;https://seatgeek.com/monowhales-tickets/seattle-washington-barboza-2023-11-13-6-30-pm/concert/6255979
Royal & The Serpent;The Crocodile;2200 2nd Avenue;98121;Seattle;WA;;2023-11-13;20:00;45;166;https://seatgeek.com/royal-the-serpent-tickets/seattle-washington-the-crocodile-2-2023-11-13-8-pm/concert/6255675
The Linda Lindas;The Showbox;1426 1st Ave;98101;Seattle;WA;;2023-11-13;20:00;42;524;https://seatgeek.com/the-linda-lindas-tickets/seattle-washington-the-showbox-2023-11-13-8-pm/concert/6118862
Tyla Yaweh;Neumos;925 East Pike Street;98122;Seattle;WA;;2023-11-13;20:00;58;543;https://seatgeek.com/tyla-yaweh-tickets/seattle-washington-neumos-2023-11-13-8-pm/concert/6256391
Noname;Showbox SoDo;1700 1st Avenue South;98134;Seattle;WA;;2023-11-13;20:00;71;557;https://seatgeek.com/noname-tickets/seattle-washington-showbox-sodo-2023-11-13-8-pm/concert/6144980
Royal Blood;Paramount Theatre - WA;911 Pine Street;98101;Seattle;WA;;2023-11-13;20:00;55;1134;https://seatgeek.com/royal-blood-tickets/seattle-washington-paramount-theatre-wa-2023-11-13-8-pm/concert/6039133
Sydney Sprague (21+);Barboza;925 East Pike Street;98122;Seattle;WA;;2023-11-14;18:30;42;116;https://seatgeek.com/sydney-sprague-tickets/seattle-washington-barboza-2023-11-14-6-30-pm/concert/6161442
Sun Room;Neumos;925 East Pike Street;98122;Seattle;WA;;2023-11-14;19:00;48;451;https://seatgeek.com/sun-room-tickets/seattle-washington-neumos-2023-11-14-7-pm/concert/6114234
Fever Ray with CHRISTEENE (21+);Showbox SoDo;1700 1st Avenue South;98134;Seattle;WA;;2023-11-14;20:00;62;210;https://seatgeek.com/fever-ray-tickets/seattle-washington-showbox-sodo-2023-11-14-8-pm/concert/6112892
Altin Gun with Pachyman;Neptune Theatre - WA;1303 Northeast 45th Street;98105;Seattle;WA;;2023-11-14;20:00;58;129;https://seatgeek.com/altin-gun-tickets/seattle-washington-neptune-theatre-wa-2023-11-14-8-pm/concert/6138419
Liz Phair;Moore Theatre;1932 2nd Avenue;98101;Seattle;WA;;2023-11-14;20:00;74;1766;https://seatgeek.com/liz-phair-tickets/seattle-washington-moore-theatre-2023-11-14-8-pm/concert/6027546
Chase Shakur;Nectar Lounge;412 North 36th Street;98103;Seattle;WA;;2023-11-15;19:00;26;111;https://seatgeek.com/chase-shakur-tickets/seattle-washington-nectar-lounge-2023-11-15-7-pm/concert/6257008
Coven and Lucifer (21+);Substation Seattle;645 Northwest 45th Street;98107;Seattle;WA;;2023-11-15;19:00;60;74;https://seatgeek.com/lucifer-tickets/seattle-washington-substation-seattle-2023-11-15-7-pm/concert/6161529
St. Paul & the Broken Bones;Moore Theatre;1932 2nd Avenue;98101;Seattle;WA;;2023-11-15;20:00;56;252;https://seatgeek.com/st-paul-the-broken-bones-tickets/seattle-washington-moore-theatre-2023-11-15-8-pm/concert/6014380
Grouplove;Showbox SoDo;1700 1st Avenue South;98134;Seattle;WA;;2024-02-28;20:00;81;1140;https://seatgeek.com/grouplove-tickets/seattle-washington-showbox-sodo-2024-02-28-8-pm/concert/6239789
Fall Out Boy with Jimmy Eat World;Climate Pledge Arena;401 1st Ave.;98109;Seattle;WA;;2024-03-01;18:30;97;5575;https://seatgeek.com/fall-out-boy-tickets/seattle-washington-climate-pledge-arena-3-2024-03-01-6-30-pm/concert/6168866
Black Tiger Sex Machine with Kai Wachi;WaMu Theater;800 Occidental Avenue South;98134;Seattle;WA;;2024-03-01;19:00;78;351;https://seatgeek.com/black-tiger-sex-machine-tickets/seattle-washington-wamu-theater-2024-03-01-7-pm/concert/6212259
Skid Row with Buckcherry (18+);Suquamish Clearwater Casino Resort Event Lawn;15347 Suquamish Way NE;98392;Suquamish;WA;;2024-03-01;19:30;108;202;https://seatgeek.com/skid-row-tickets/suquamish-washington-suquamish-clearwater-casino-resort-event-lawn-2024-03-01-7-30-pm/concert/6181121
Tommy Emmanuel with Rob Ickes;Moore Theatre;1932 2nd Avenue;98101;Seattle;WA;;2024-03-01;19:30;59;772;https://seatgeek.com/tommy-emmanuel-tickets/seattle-washington-moore-theatre-2024-03-01-7-30-pm/concert/6145996
Gary Numan (21+);Showbox SoDo;1700 1st Avenue South;98134;Seattle;WA;;2024-03-02;19:00;97;1096;https://seatgeek.com/gary-numan-tickets/seattle-washington-showbox-sodo-2024-03-02-7-pm/concert/6212223
Black Tiger Skull Machine with Black Tiger Sex Machine;WaMu Theater;800 Occidental Avenue South;98134;Seattle;WA;;2024-03-02;19:00;79;339;https://seatgeek.com/black-tiger-skull-machine-tickets/seattle-washington-wamu-theater-2024-03-02-7-pm/concert/6212258
Destroyer (Solo) (21+);Tractor Tavern;5213 Ballard Ave NW;98107;Seattle;WA;;2024-03-05;20:00;87;87;https://seatgeek.com/destroyer-tickets/seattle-washington-tractor-tavern-2024-03-05-8-pm/concert/6240756
Raffaella;Madame Lou's;2505 1st Ave;98121;Seattle;WA;;2024-03-07;20:30;51;163;https://seatgeek.com/raffaella-tickets/seattle-washington-madame-lou-s-2024-03-07-8-30-pm/concert/6225173
Code Orange Kids with Teenage Wrist and Soul Blind;El Corazon;109 Eastlake Ave E;98109;Seattle;WA;;2024-03-08;19:30;100;451;https://seatgeek.com/code-orange-kids-tickets/seattle-washington-el-corazon-2024-03-08-7-30-pm/concert/6237981
Arlo Parks;Showbox SoDo;1700 1st Avenue South;98134;Seattle;WA;;2024-03-08;20:00;64;510;https://seatgeek.com/arlo-parks-tickets/seattle-washington-showbox-sodo-2024-03-08-8-pm/concert/6203076
The Fab Four - The Ultimate Beatles Tribute;Moore Theatre;1932 2nd Avenue;98101;Seattle;WA;;2024-03-09;19:30;82;2734;https://seatgeek.com/the-fab-four-the-ultimate-tribute-tickets/seattle-washington-moore-theatre-2024-03-09-7-30-pm/concert/5972245
Bad Bunny;Climate Pledge Arena;401 1st Ave.;98109;Seattle;WA;;2024-03-09;19:30;256;7115;https://seatgeek.com/bad-bunny-tickets/seattle-washington-climate-pledge-arena-3-2024-03-09-7-30-pm/concert/6240220
The Paper Kites;Neptune Theatre - WA;1303 Northeast 45th Street;98105;Seattle;WA;;2024-03-09;20:00;70;524;https://seatgeek.com/the-paper-kites-tickets/seattle-washington-neptune-theatre-wa-2024-03-09-8-pm/concert/6165087
Crosses;Moore Theatre;1932 2nd Avenue;98101;Seattle;WA;;2024-03-11;20:00;66;474;https://seatgeek.com/crosses-tickets/seattle-washington-moore-theatre-2024-03-11-8-pm/concert/6234209
LANY;Paramount Theatre - WA;911 Pine Street;98101;Seattle;WA;;2024-03-12;20:00;69;1140;https://seatgeek.com/lany-tickets/seattle-washington-paramount-theatre-wa-2024-03-12-8-pm/concert/6213433
LANY;Paramount Theatre - WA;911 Pine Street;98101;Seattle;WA;;2024-03-13;20:00;97;693;https://seatgeek.com/lany-tickets/seattle-washington-paramount-theatre-wa-2024-03-13-8-pm/concert/6233625
Time For Three;Federal Way Performing Arts Event Center Theater;31510 Pete von Reichbauer Way South;98003;Federal Way;WA;;2024-03-14;19:30;131;172;https://seatgeek.com/time-for-three-tickets/federal-way-washington-federal-way-performing-arts-event-center-theater-2-2024-03-14-7-30-pm/concert/6232409
Chelsea Cutler;Showbox SoDo;1700 1st Avenue South;98134;Seattle;WA;;2024-03-14;20:00;63;451;https://seatgeek.com/chelsea-cutler-tickets/seattle-washington-showbox-sodo-2024-03-14-8-pm/concert/6240728
Blake Shelton;Tacoma Dome;2727 East D Street;98421;Tacoma;WA;;2024-03-15;19:00;88;7303;https://seatgeek.com/blake-shelton-tickets/tacoma-washington-tacoma-dome-2024-03-15-7-pm/concert/6239697
Tiffany;Kirkland Performance Center;350 Kirkland Avenue;98033;Kirkland;WA;;2024-03-15;19:00;172;287;https://seatgeek.com/tiffany-tickets/kirkland-washington-kirkland-performance-center-2024-03-15-7-pm/concert/6226038
Glenn Miller Orchestra;Benaroya Hall;200 University Street;98101;Seattle;WA;;2024-03-15;20:00;79;183;https://seatgeek.com/glenn-miller-orchestra-tickets/seattle-washington-benaroya-hall-2024-03-15-8-pm/concert/6231383
Ricky Montgomery;The Showbox;1426 1st Ave;98101;Seattle;WA;;2024-03-16;19:30;75;1164;https://seatgeek.com/ricky-montgomery-tickets/seattle-washington-the-showbox-2024-03-16-7-30-pm/concert/6208228
Warren Zeiders;Showbox SoDo;1700 1st Avenue South;98134;Seattle;WA;;2024-03-16;20:00;87;1164;https://seatgeek.com/warren-zeiders-tickets/seattle-washington-showbox-sodo-2024-03-16-8-pm/concert/6250625
Big Something with The Ries Brothers (21+);Tractor Tavern;5213 Ballard Ave NW;98107;Seattle;WA;;2024-03-16;21:00;52;52;https://seatgeek.com/big-something-tickets/seattle-washington-tractor-tavern-2024-03-16-9-pm/concert/6168269
Umphrey's McGee (21+);The Showbox;1426 1st Ave;98101;Seattle;WA;;2024-03-17;20:00;76;451;https://seatgeek.com/umphrey-s-mcgee-tickets/seattle-washington-the-showbox-2024-03-17-8-pm/concert/6238653
Briston Maroney with snarls;Neptune Theatre - WA;1303 Northeast 45th Street;98105;Seattle;WA;;2024-03-18;20:00;52;524;https://seatgeek.com/briston-maroney-tickets/seattle-washington-neptune-theatre-wa-2024-03-18-8-pm/concert/6186987
Briston Maroney with snarls;Neptune Theatre - WA;1303 Northeast 45th Street;98105;Seattle;WA;;2024-03-19;20:00;48;220;https://seatgeek.com/briston-maroney-tickets/seattle-washington-neptune-theatre-wa-2024-03-19-8-pm/concert/6194794
MANIA: The ABBA Tribute;Neptune Theatre - WA;1303 Northeast 45th Street;98105;Seattle;WA;;2024-03-20;19:30;56;1789;https://seatgeek.com/abba-mania-tickets/seattle-washington-neptune-theatre-wa-2024-03-20-7-30-pm/concert/6025906
Dadi Freyr (21+);Showbox SoDo;1700 1st Avenue South;98134;Seattle;WA;;2024-03-22;21:00;70;1119;https://seatgeek.com/dadi-freyr-tickets/seattle-washington-showbox-sodo-2024-03-22-9-pm/concert/6222851
Alkaline Trio;Showbox SoDo;1700 1st Avenue South;98134;Seattle;WA;;2024-03-23;20:00;70;451;https://seatgeek.com/alkaline-trio-tickets/seattle-washington-showbox-sodo-2024-03-23-8-pm/concert/6240105
Jhayco;Moore Theatre;1932 2nd Avenue;98101;Seattle;WA;;2024-03-23;20:00;84;803;https://seatgeek.com/jhayco-1-tickets/seattle-washington-moore-theatre-2024-03-23-8-pm/concert/6253388
DakhaBrakha;Moore Theatre;1932 2nd Avenue;98101;Seattle;WA;;2024-03-28;19:30;53;150;https://seatgeek.com/dakhabrakha-tickets/seattle-washington-moore-theatre-2024-03-28-7-30-pm/concert/6184949
HEALTH with Pixel Grip;The Showbox;1426 1st Ave;98101;Seattle;WA;;2024-03-28;20:30;53;510;https://seatgeek.com/health-tickets/seattle-washington-the-showbox-2024-03-28-8-30-pm/concert/6217978
Tim McGraw with Carly Pearce;Climate Pledge Arena;401 1st Ave.;98109;Seattle;WA;;2024-03-29;19:00;59;3127;https://seatgeek.com/tim-mcgraw-tickets/seattle-washington-climate-pledge-arena-3-2024-03-29-7-pm/concert/6106101
Sleater-Kinney (21+);The Showbox;1426 1st Ave;98101;Seattle;WA;;2024-04-02;20:30;70;495;https://seatgeek.com/sleater-kinney-tickets/seattle-washington-the-showbox-2024-04-02-8-30-pm/concert/6214083
Matt Maltese;Neptune Theatre - WA;1303 Northeast 45th Street;98105;Seattle;WA;;2024-04-03;20:00;51;545;https://seatgeek.com/matt-maltese-tickets/seattle-washington-neptune-theatre-wa-2024-04-03-8-pm/concert/6202637
Sleater-Kinney (21+);The Showbox;1426 1st Ave;98101;Seattle;WA;;2024-04-03;20:30;70;515;https://seatgeek.com/sleater-kinney-tickets/seattle-washington-the-showbox-2024-04-03-8-30-pm/concert/6214086
Luis Miguel;Climate Pledge Arena;401 1st Ave.;98109;Seattle;WA;;2024-04-04;20:00;106;10636;https://seatgeek.com/luis-miguel-tickets/seattle-washington-climate-pledge-arena-3-2024-04-04-8-pm/concert/6111285
Brutus (21+);Neumos;925 East Pike Street;98122;Seattle;WA;;2024-04-07;19:00;49;524;https://seatgeek.com/brutus-tickets/seattle-washington-neumos-2024-04-07-7-pm/concert/6183182
Kronos Quartet;Moore Theatre;1932 2nd Avenue;98101;Seattle;WA;;2024-04-11;19:30;71;166;https://seatgeek.com/kronos-quartet-tickets/seattle-washington-moore-theatre-2024-04-11-7-30-pm/concert/6063454
Booker T. Jones;Kirkland Performance Center;350 Kirkland Avenue;98033;Kirkland;WA;;2024-04-12;19:00;183;193;https://seatgeek.com/booker-t-jones-tickets/kirkland-washington-kirkland-performance-center-2024-04-12-7-pm/concert/6230354
BoyWithUke;Showbox SoDo;1700 1st Avenue South;98134;Seattle;WA;;2024-04-12;20:00;58;1164;https://seatgeek.com/boywithuke-tickets/seattle-washington-showbox-sodo-2024-04-12-8-pm/concert/6251220
Andres Cepeda;Neptune Theatre - WA;1303 Northeast 45th Street;98105;Seattle;WA;;2024-04-15;19:30;79;183;https://seatgeek.com/andres-cepeda-tickets/seattle-washington-neptune-theatre-wa-2024-04-15-7-30-pm/concert/6225688
BoyWithUke;Admiral Theatre;515 Pacific Avenue;98337;Bremerton;WA;;2024-04-19;20:00;47;160;https://seatgeek.com/boywithuke-tickets/bremerton-washington-admiral-theatre-2024-04-19-8-pm/concert/6255255
Roger McGuinn;Edmonds Center for the Arts;410 Fourth Avenue North;98020;Edmonds;WA;;2024-04-20;19:30;71;198;https://seatgeek.com/roger-mcguinn-tickets/edmonds-washington-edmonds-center-for-the-arts-2024-04-20-7-30-pm/concert/6177437
Red Hot Chilli Pipers - Tribute;Federal Way Performing Arts Event Center Theater;31510 Pete von Reichbauer Way South;98003;Federal Way;WA;;2024-04-21;19:00;126;183;https://seatgeek.com/red-hot-chilli-pipers-tickets/federal-way-washington-federal-way-performing-arts-event-center-theater-2-2024-04-21-7-pm/concert/6245849
Al Stewart;Kirkland Performance Center;350 Kirkland Avenue;98033;Kirkland;WA;;2024-04-24;19:00;91;240;https://seatgeek.com/al-stewart-tickets/kirkland-washington-kirkland-performance-center-2024-04-24-7-pm/concert/6221872
Giant Rooks;The Crocodile;2200 2nd Avenue;98121;Seattle;WA;;2024-04-26;18:00;54;236;https://seatgeek.com/giant-rooks-tickets/seattle-washington-the-crocodile-2-2024-04-26-6-pm/concert/6219900
Zakir Hussain;Moore Theatre;1932 2nd Avenue;98101;Seattle;WA;;2024-04-26;20:00;66;159;https://seatgeek.com/zakir-hussain-tickets/seattle-washington-moore-theatre-2024-04-26-8-pm/concert/6063458
